url,name,ticker,address,sector,price,trend,month_return,month_return_pct,Company Type,Listing Status,Industry Sector,Investment Sector,Ticker,Exchange,Previous Day Close,Current Day High & Low,Day's Volume,30 Day Average Volume,52 Week High & Low,Market Cap,Prev. Quarter Dividend,Yield,Prev. Quarter FFO
https://www.reit.com/investing/reit-directory/maa,MAA,MAA,"Memphis, Tennessee",Residential,$104.00,up,4.33,0.04%,REIT,Public,Residential,Equity,MAA,"New York Stock Exchange, Inc. (NYSE)",$103.42,$103.77 - $101.55,"870,799","638,069",$109.11 - $85.39,$11.84 bil,$0.92,3.71,$658.51 mil
https://www.reit.com/investing/reit-directory/sl-green-realty-corp,SL Green Realty Corp.,SLG,"New York, New York",Office,$125.59,up,4.26,0.05%,REIT,Public,Office,Equity,SLG,"New York Stock Exchange, Inc. (NYSE)",$95.71,$95.67 - $92.58,"702,162","742,501",$107.52 - $90.08,$10.71 bil,$0.81,3.55,$904.09 mil
https://www.reit.com/investing/reit-directory/eastgroup-properties-inc,"EastGroup Properties, Inc.",EGP,"Ridgeland, Mississippi",Industrial,$100.40,up,4.50,0.05%,REIT,Public,Industrial,Equity,EGP,"New York Stock Exchange, Inc. (NYSE)",$101.69,$101.90 - $99.93,"172,827","175,215",$101.69 - $78.17,$3.62 bil,$0.72,2.83,$150.84 mil
https://www.reit.com/investing/reit-directory/pebblebrook-hotel-trust,Pebblebrook Hotel Trust,PEB,"Bethesda, Maryland",Lodging / Resorts,$37.50,up,4.05,0.13%,REIT,Public,Lodging/Resorts,Equity,PEB,"New York Stock Exchange, Inc. (NYSE)",$35.73,$35.83 - $34.51,"5,418,582","2,529,797",$41.47 - $31.29,$4.80 bil,$0.25,2.77,$204.21 mil
https://www.reit.com/investing/reit-directory/getty-realty-corp,Getty Realty Corp.,GTY,"Jericho, New York",Retail,N/A,up,4.28,0.16%,REIT,Public,Retail,Equity,GTY,"New York Stock Exchange, Inc. (NYSE)",$31.28,$31.41 - $30.95,"109,635","130,120",$31.28 - $22.69,$0.00,$0.32,4.48,$76.16 mil
https://www.reit.com/investing/reit-directory/cubesmart,CubeSmart,CUBE,"Malvern, Pennsylvania",Self-storage,N/A,up,3.94,0.14%,REIT,Public,Self-storage,Equity,CUBE,"New York Stock Exchange, Inc. (NYSE)",$32.39,$32.48 - $31.89,"1,617,691","1,456,816",$32.97 - $22.94,$0.00,$0.30,3.70,$306.13 mil
https://www.reit.com/investing/reit-directory/liberty-property-trust,Liberty Property Trust,LPT,"Wayne, Pennsylvania",Industrial,N/A,up,4.09,0.10%,REIT,Public,Industrial,Equity,LPT,"New York Stock Exchange, Inc. (NYSE)",$46.46,$46.66 - $45.92,"1,570,920","1,132,748",$46.46 - $38.63,$0.00,$0.40,3.44,$397.29 mil
https://www.reit.com/investing/reit-directory/extra-space-storage-inc,"Extra Space Storage, Inc.",EXR,"Salt Lake City, Utah",Self-storage,$98.70,up,12.08,0.14%,REIT,Public,Self-storage,Equity,EXR,"New York Stock Exchange, Inc. (NYSE)",$99.82,$99.77 - $98.37,"995,425","1,166,082",$100.96 - $74.13,$12.49 bil,$0.86,3.45,$626.25 mil
https://www.reit.com/investing/reit-directory/crown-castle-international-corp,Crown Castle International Corp.,CCI,"Houston, Texas",Infrastructure,N/A,up,10.69,0.10%,REIT,Public,Infrastructure,Equity,CCI,"New York Stock Exchange, Inc. (NYSE)",$117.47,$117.58 - $115.32,"2,308,234","2,586,759",$117.47 - $96.64,$0.00,$1.05,3.83,"$1,822.39 mil"
https://www.reit.com/investing/reit-directory/national-retail-properties-inc,"National Retail Properties, Inc.",NNN,"Orlando, Florida",Retail,$51.50,up,4.14,0.09%,REIT,Public,Retail,Equity,NNN,"New York Stock Exchange, Inc. (NYSE)",$51.09,$51.03 - $50.42,"1,653,755","1,174,901",$51.09 - $36.52,$8.20 bil,$0.50,3.91,$456.85 mil
https://www.reit.com/investing/reit-directory/equity-residential,Equity Residential,EQR,"Chicago, Illinois",Residential,N/A,up,7.22,0.11%,REIT,Public,Residential,Equity,EQR,"New York Stock Exchange, Inc. (NYSE)",$72.65,$72.62 - $71.32,"2,114,191","1,854,519",$72.65 - $55.26,$0.00,$0.54,2.97,"$1,279.03 mil"
https://www.reit.com/investing/reit-directory/ps-business-parks-inc,"PS Business Parks, Inc.",PSB,"Glendale, California",Industrial,$140.57,up,10.45,0.08%,REIT,Public,Industrial,Equity,PSB,"New York Stock Exchange, Inc. (NYSE)",$141.23,$143.10 - $139.31,"87,517","89,546",$142.32 - $108.30,$3.84 bil,$1.05,2.97,$271.61 mil
https://www.reit.com/investing/reit-directory/welltower-inc,Welltower Inc.,WELL,"Toledo, Ohio",Health care,$77.00,up,8.93,0.14%,REIT,Public,Health care,Equity,WELL,"New York Stock Exchange, Inc. (NYSE)",$74.72,$74.56 - $72.99,"3,167,399","2,171,831",$76.53 - $50.01,$28.92 bil,$0.87,4.66,"$1,798.42 mil"
https://www.reit.com/investing/reit-directory/sun-communities-inc,"Sun Communities, Inc.",SUI,"Southfield, Michigan",Residential,N/A,up,7.65,0.08%,REIT,Public,Residential,Equity,SUI,"New York Stock Exchange, Inc. (NYSE)",$108.32,$108.73 - $106.58,"606,105","352,449",$108.32 - $83.96,$0.00,$0.71,2.62,$326.24 mil
https://www.reit.com/investing/reit-directory/terreno-realty-corporation,Terreno Realty Corporation,TRNO,"San Francisco, California",Industrial,N/A,up,3.21,0.09%,REIT,Public,Industrial,Equity,TRNO,"New York Stock Exchange, Inc. (NYSE)",$39.24,$39.18 - $38.46,"323,456","419,798",$39.34 - $32.10,$0.00,$0.24,2.45,$64.42 mil
https://www.reit.com/investing/reit-directory/ventas-inc,"Ventas, Inc.",VTR,"Chicago, Illinois",Health care,$66.00,up,8.64,0.15%,REIT,Public,Health care,Equity,VTR,"New York Stock Exchange, Inc. (NYSE)",$65.42,$65.70 - $64.24,"3,533,097","2,445,228",$71.17 - $46.96,$23.53 bil,$0.79,4.83,"$2,205.67 mil"
https://www.reit.com/investing/reit-directory/life-storage-inc,"Life Storage, Inc.",LSI,"Buffalo, New York",Self-storage,N/A,up,8.91,0.10%,REIT,Public,Self-storage,Equity,LSI,"New York Stock Exchange, Inc. (NYSE)",$101.71,$101.83 - $99.72,"485,650","284,930",$102.24 - $70.59,$0.00,$1.00,3.93,$240.41 mil
https://www.reit.com/investing/reit-directory/epr-properties,EPR Properties,EPR,"Kansas City, Missouri",Specialty,$73.00,up,3.05,0.04%,REIT,Public,Specialty,Equity,EPR,"New York Stock Exchange, Inc. (NYSE)",$71.29,$71.12 - $70.36,"614,605","541,749",$74.31 - $53.04,$5.43 bil,,6.06,$385.52 mil
https://www.reit.com/investing/reit-directory/regency-centers-corporation,Regency Centers Corporation,REG,"Jacksonville, Florida",Retail,$70.01,up,3.06,0.05%,REIT,Public,Retail,Equity,REG,"New York Stock Exchange, Inc. (NYSE)",$65.82,$65.84 - $64.87,"1,241,904",0,$70.37 - $55.58,$0.00,$0.56,3.37,$570.02 mil
https://www.reit.com/investing/reit-directory/prologis-inc,"Prologis, Inc.",PLD,"San Francisco, California",Industrial,$71.25,up,3.21,0.05%,REIT,Public,Industrial,Equity,PLD,"New York Stock Exchange, Inc. (NYSE)",$68.48,$68.45 - $66.70,"2,702,109","2,520,843",$68.65 - $56.94,$44.85 bil,$0.48,2.80,"$1,613.59 mil"
https://www.reit.com/investing/reit-directory/jbg-smith,JBG SMITH,JBGS,"Chevy Chase, Maryland",Diversified,$43.43,up,3.05,0.08%,REIT,Public,Diversified,Equity,JBGS,"New York Stock Exchange, Inc. (NYSE)",$40.25,$40.33 - $39.25,"921,956","870,634",$40.55 - $0.00,$5.25 bil,$0.23,2.24,$97.93 mil
https://www.reit.com/investing/reit-directory/iron-mountain,Iron Mountain,IRM,"Boston, Massachusetts",Specialty,$34.72,up,2.14,0.07%,REIT,Public,Specialty,Equity,IRM,"New York Stock Exchange, Inc. (NYSE)",$34.39,$34.34 - $33.84,"1,600,026","2,077,824",$41.44 - $30.48,$9.94 bil,$0.59,7.11,$822.92 mil
https://www.reit.com/investing/reit-directory/nexpoint-residential-trust-inc,NexPoint Residential Trust Inc.,NXRT,"Dallas, Texas",Residential,N/A,up,3.01,0.09%,REIT,Public,Residential,Equity,NXRT,"New York Stock Exchange, Inc. (NYSE)",$37.30,$37.48 - $36.52,"79,325","144,536",$37.30 - $23.06,$0.00,$0.25,2.95,$33.04 mil
https://www.reit.com/investing/reit-directory/weingarten-realty-investors,Weingarten Realty Investors,WRI,"Houston, Texas",Retail,$29.10,up,1.76,0.06%,REIT,Public,Retail,Equity,WRI,"New York Stock Exchange, Inc. (NYSE)",$28.84,$28.88 - $28.45,"980,424","973,179",$33.60 - $25.79,$3.73 bil,$0.40,5.48,$319.80 mil
https://www.reit.com/investing/reit-directory/healthcare-realty-trust,Healthcare Realty Trust,HR,"Nashville, Tennessee",Health care,N/A,up,2.88,0.10%,REIT,Public,Health care,Equity,HR,"New York Stock Exchange, Inc. (NYSE)",$31.59,$31.74 - $31.05,"1,194,527","759,877",$35.73 - $26.31,$0.00,$0.30,3.80,$185.89 mil
https://www.reit.com/investing/reit-directory/northstar-realty-europe-corp,NorthStar Realty Europe Corp.,NRE,"New York, New York",Office,$16.46,up,2.85,0.22%,REIT,Public,Office,Equity,NRE,NYSE American (NYSEMKT),$16.10,$16.13 - $15.78,"256,424","356,503",$16.51 - $10.13,$819.99 mil,$0.15,3.73,$32.98 mil
https://www.reit.com/investing/reit-directory/four-corners-property-trust,Four Corners Property Trust,FCPT,"Mill Valley, California",Retail,$29.85,up,2.10,0.08%,REIT,Public,Retail,Equity,FCPT,NYSE American (NYSEMKT),$28.38,$28.54 - $28.00,"745,733","323,942",$28.38 - $21.33,$2.02 bil,$0.28,4.05,$87.80 mil
https://www.reit.com/investing/reit-directory/park-hotels-resorts,Park Hotels & Resorts,PK,"Tysons, Virginia",Lodging / Resorts,$31.90,up,2.07,0.07%,REIT,Public,Lodging/Resorts,Equity,PK,"New York Stock Exchange, Inc. (NYSE)",$30.67,$30.77 - $30.16,"1,239,773","1,957,027",$34.01 - $24.42,$6.42 bil,$0.43,6.00,$577.00 mil
https://www.reit.com/investing/reit-directory/safety-income-growth-inc,"Safety, Income & Growth Inc.",SAFE,"New York, New York",Specialty,N/A,up,2.01,0.12%,REIT,Public,Specialty,Equity,SAFE,"New York Stock Exchange, Inc. (NYSE)",$18.96,$19.40 - $18.81,"25,462","24,067",$19.85 - $15.63,$0.00,$0.15,3.16,$4.80 mil
https://www.reit.com/investing/reit-directory/equity-lifestyle-properties-inc,"Equity Lifestyle Properties, Inc.",ELS,"Chicago, Illinois",Residential,N/A,up,6.34,0.07%,REIT,Public,Residential,Equity,ELS,"New York Stock Exchange, Inc. (NYSE)",$102.38,$103.05 - $100.99,"537,888","304,441",$102.38 - $81.55,$0.00,$0.55,2.15,$344.33 mil
https://www.reit.com/investing/reit-directory/corenergy-infrastructure-trust,CorEnergy Infrastructure Trust,CORR,"Kansas City, Missouri",Infrastructure,$37.50,up,1.88,0.05%,REIT,Public,Infrastructure,Equity,CORR,"New York Stock Exchange, Inc. (NYSE)",$37.23,$37.23 - $36.83,"78,350","132,575",$39.14 - $31.90,$448.09 mil,$0.75,8.06,$58.48 mil
https://www.reit.com/investing/reit-directory/national-health-investors-inc,"National Health Investors, Inc.",NHI,"Murfreesboro, Tennessee",Health care,N/A,up,6.30,0.09%,REIT,Public,Health care,Equity,NHI,"New York Stock Exchange, Inc. (NYSE)",$80.15,$80.54 - $78.66,"398,938","227,450",$80.81 - $63.33,$0.00,$1.00,4.99,$199.79 mil
https://www.reit.com/investing/reit-directory/rpt-realty,RPT Realty,RPT,"New York, New York",Retail,N/A,up,1.74,0.14%,REIT,Public,Retail,Equity,RPT,"New York Stock Exchange, Inc. (NYSE)",$14.36,$14.40 - $14.22,"503,198","688,927",$14.83 - $11.26,$0.00,$0.22,6.13,$123.97 mil
https://www.reit.com/investing/reit-directory/aimco,Aimco,AIV,"Denver, Colorado",Residential,N/A,up,4.65,0.11%,REIT,Public,Residential,Equity,AIV,"New York Stock Exchange, Inc. (NYSE)",$47.29,$47.61 - $46.90,"1,572,213","1,359,772",$47.29 - $38.00,$0.00,$0.38,3.21,$722.87 mil
https://www.reit.com/investing/reit-directory/first-industrial-realty-trust-inc,"First Industrial Realty Trust, Inc.",FR,"Chicago, Illinois",Industrial,N/A,up,1.73,0.06%,REIT,Public,Industrial,Equity,FR,"New York Stock Exchange, Inc. (NYSE)",$32.40,$32.34 - $31.75,"987,530","581,062",$33.87 - $27.75,$0.00,$0.22,2.69,$205.48 mil
https://www.reit.com/investing/reit-directory/rpai,RPAI,RPAI,"Oak Brook, Illinois",Retail,$14.00,up,1.33,0.12%,REIT,Public,Retail,Equity,RPAI,"New York Stock Exchange, Inc. (NYSE)",$12.86,$12.97 - $12.75,"3,218,066","1,717,581",$13.66 - $10.92,$3.02 bil,$0.17,5.15,$588.56 mil
https://www.reit.com/investing/reit-directory/american-assets-trust,American Assets Trust,AAT,"San Diego, California",Diversified,$42.17,up,6.18,0.17%,REIT,Public,Diversified,Equity,AAT,"New York Stock Exchange, Inc. (NYSE)",$42.81,$42.85 - $42.14,"149,847","247,893",$42.81 - $31.72,$1.99 bil,$0.27,2.62,$139.11 mil
https://www.reit.com/investing/reit-directory/realty-income-corporation,Realty Income Corporation,O,"San Diego, California",Retail,$66.99,up,6.41,0.11%,REIT,Public,Retail,Equity,O,"New York Stock Exchange, Inc. (NYSE)",$66.21,$66.42 - $65.40,"3,591,416","2,422,648",$66.21 - $47.56,$19.77 bil,,4.00,$849.85 mil
https://www.reit.com/investing/reit-directory/potlatchdeltic-corp,PotlatchDeltic Corp.,PCH,"Spokane, Washington",Timberlands,$46.45,up,1.39,0.04%,REIT,Public,Timberlands,Equity,PCH,NASDAQ (NASDAQ),$37.54,$37.49 - $35.28,"741,169","612,823",$55.50 - $34.31,$2.91 bil,$3.54,4.26,$154.56 mil
https://www.reit.com/investing/reit-directory/agree-realty-corporation,Agree Realty Corporation,ADC,"Bloomfield Hills, Michigan",Retail,$62.80,up,5.93,0.11%,REIT,Public,Retail,Equity,ADC,"New York Stock Exchange, Inc. (NYSE)",$62.39,$62.68 - $61.62,"259,628","292,485",$62.39 - $44.27,$2.17 bil,$0.54,3.56,$79.49 mil
https://www.reit.com/investing/reit-directory/vornado-realty-trust,Vornado Realty Trust,VNO,"New York, New York",Diversified,$75.32,up,4.86,0.07%,REIT,Public,Diversified,Equity,VNO,"New York Stock Exchange, Inc. (NYSE)",$71.97,$71.90 - $70.41,"819,319","1,142,717",$97.03 - $65.01,$14.33 bil,$0.63,3.50,"$1,328.15 mil"
https://www.reit.com/investing/reit-directory/omega-healthcare-investors-inc,"Omega Healthcare Investors, Inc.",OHI,"Hunt Valley, Maryland",Health care,$37.80,up,5.14,0.16%,REIT,Public,Health care,Equity,OHI,"New York Stock Exchange, Inc. (NYSE)",$38.11,$38.08 - $36.99,"3,099,057","2,575,991",$38.21 - $25.36,$7.59 bil,$0.66,6.93,$677.60 mil
https://www.reit.com/investing/reit-directory/essential-properties-realty-trust-inc,"Essential Properties Realty Trust, Inc.",EPRT,"Princeton, New Jersey",Retail,$15.00,up,1.23,0.09%,REIT,Public,Retail,Equity,EPRT,"New York Stock Exchange, Inc. (NYSE)",$14.65,$14.69 - $14.52,"618,474","624,569",$14.65 - $0.00,$942.08 mil,$0.22,6.12,$20.65 mil
https://www.reit.com/investing/reit-directory/digital-realty,Digital Realty,DLR,"San Francisco, California",Data centers,$117.50,up,1.22,0.01%,REIT,Public,Data centers,Equity,DLR,"New York Stock Exchange, Inc. (NYSE)",$116.90,$117.44 - $114.93,"916,419","1,650,360",$126.04 - $97.95,$24.24 bil,$1.01,3.46,"$1,266.82 mil"
https://www.reit.com/investing/reit-directory/site-centers-corp,SITE Centers Corp.,SITC,"Beachwood, Ohio",Retail,$13.25,up,1.37,0.12%,REIT,Public,Retail,Equity,SITC,"New York Stock Exchange, Inc. (NYSE)",$13.04,$13.06 - $12.81,"2,226,115","1,502,156",$21.58 - $11.22,$2.45 bil,$0.20,6.13,$620.12 mil
https://www.reit.com/investing/reit-directory/rlj-lodging-trust,RLJ Lodging Trust,RLJ,"Bethesda, Maryland",Lodging / Resorts,$22.38,up,1.19,0.06%,REIT,Public,Lodging/Resorts,Equity,RLJ,"New York Stock Exchange, Inc. (NYSE)",$20.00,$20.03 - $19.46,"2,646,317","1,303,041",$23.82 - $18.68,$3.92 bil,$0.33,6.60,$313.31 mil
https://www.reit.com/investing/reit-directory/outfront-media-inc,OUTFRONT Media Inc.,OUT,"New York, New York",Specialty,$17.59,up,1.15,0.07%,REIT,Public,Specialty,Equity,OUT,"New York Stock Exchange, Inc. (NYSE)",$0.00,$0.00 - $0.00,0,0,$21.23 - $14.54,$0.00,$0.32,7.19,$0.00 mil
https://www.reit.com/investing/reit-directory/howard-hughes-corporation,The Howard Hughes Corporation,HHC,"Dallas, Texas",Diversified,$154.00,up,1.58,0.01%,REOC,Public,Diversified,Equity,HHC,"New York Stock Exchange, Inc. (NYSE)",$109.27,$109.49 - $106.65,"196,116","215,819",$142.24 - $106.11,$6.63 bil,$0.00,0.00,$-302.64 mil
https://www.reit.com/investing/reit-directory/community-healthcare-trust,Community Healthcare Trust,CHCT,"Franklin, Tennessee",Health care,$39.99,up,1.15,0.04%,REIT,Public,Health care,Equity,CHCT,NYSE American (NYSEMKT),$31.17,$31.26 - $30.83,"62,566","77,501",$32.28 - $22.44,$741.17 mil,$0.41,5.15,$21.42 mil
https://www.reit.com/investing/reit-directory/macerich,Macerich,MAC,"Santa Monica, California",Retail,$56.19,up,1.46,0.03%,REIT,Public,Retail,Equity,MAC,"New York Stock Exchange, Inc. (NYSE)",$50.92,$51.08 - $50.33,"1,152,795","1,111,620",$68.86 - $48.57,$7.93 bil,$0.75,5.89,$737.33 mil
https://www.reit.com/investing/reit-directory/armour-residential-reit,ARMOUR Residential REIT,ARR,"Vero Beach, Florida",Mortgage,$22.40,up,1.57,0.08%,REIT,Public,Mortgage,Mortgage,ARR,"New York Stock Exchange, Inc. (NYSE)",$22.04,$22.14 - $21.96,"561,406","542,001",$27.22 - $20.37,$948.33 mil,,10.34,$187.46 mil
https://www.reit.com/investing/reit-directory/store-capital-corporation,STORE Capital Corporation,STOR,"Scottsdale, Arizona",Retail,$30.73,up,1.50,0.05%,REIT,Public,Retail,Equity,STOR,"New York Stock Exchange, Inc. (NYSE)",$30.85,$30.87 - $30.49,"1,601,696","1,921,614",$30.85 - $21.75,$6.54 bil,$0.33,4.28,$347.40 mil
https://www.reit.com/investing/reit-directory/camden-property-trust,Camden Property Trust,CPT,"Houston, Texas",Residential,N/A,up,1.12,0.01%,REIT,Public,Residential,Equity,CPT,"New York Stock Exchange, Inc. (NYSE)",$94.36,$94.49 - $92.64,"760,670","673,276",$95.70 - $78.55,$0.00,$0.77,3.26,$439.50 mil
https://www.reit.com/investing/reit-directory/hersha-hospitality-trust,Hersha Hospitality Trust,HT,"Philadelphia, Pennsylvania",Lodging / Resorts,$20.00,up,1.46,0.08%,REIT,Public,Lodging/Resorts,Equity,HT,"New York Stock Exchange, Inc. (NYSE)",$18.96,$19.09 - $18.71,"482,429","454,534",$23.70 - $16.80,$788.48 mil,$0.28,5.91,$110.33 mil
https://www.reit.com/investing/reit-directory/urstadt-biddle-properties-inc,"Urstadt Biddle Properties, Inc.",UBA,"Greenwich, Connecticut",Retail,$21.50,up,1.45,0.07%,REIT,Public,Retail,Equity,UBA,"New York Stock Exchange, Inc. (NYSE)",$20.95,$21.00 - $20.62,"95,668","70,917",$23.75 - $17.50,$852.15 mil,$0.27,5.16,$67.68 mil
https://www.reit.com/investing/reit-directory/mgm-growth-properties-llc,MGM Growth Properties LLC,MGP,"Las Vegas, Nevada",Lodging / Resorts,$29.00,up,1.43,0.05%,REIT,Public,Lodging/Resorts,Equity,MGP,"New York Stock Exchange, Inc. (NYSE)",$29.10,$29.21 - $28.35,"785,432","626,581",$31.68 - $25.80,$2.06 bil,$0.44,6.01,$483.62 mil
https://www.reit.com/investing/reit-directory/sunstone-hotel-investors-inc,"Sunstone Hotel Investors, Inc.",SHO,"Irvine, California",Lodging / Resorts,$15.50,up,1.05,0.08%,REIT,Public,Lodging/Resorts,Equity,SHO,"New York Stock Exchange, Inc. (NYSE)",$14.99,$15.08 - $14.68,"4,337,041","2,157,015",$17.52 - $13.94,$3.54 bil,$0.05,4.87,$305.49 mil
https://www.reit.com/investing/reit-directory/one-liberty-properties-inc,"One Liberty Properties, Inc.",OLP,"Great Neck, New York",Diversified,N/A,up,1.41,0.06%,REIT,Public,Diversified,Equity,OLP,"New York Stock Exchange, Inc. (NYSE)",$26.75,$26.87 - $26.08,"61,395","30,660",$29.26 - $21.76,$0.00,$0.45,6.73,$39.44 mil
https://www.reit.com/investing/reit-directory/chesapeake-lodging-trust,Chesapeake Lodging Trust,CHSP,"Arlington, Virginia",Lodging / Resorts,N/A,up,1.06,0.04%,REIT,Public,Lodging/Resorts,Equity,CHSP,"New York Stock Exchange, Inc. (NYSE)",$29.27,$29.49 - $28.51,"356,628","313,886",$33.65 - $24.44,$0.00,$0.40,5.47,$143.65 mil
https://www.reit.com/investing/reit-directory/physicians-realty-trust,Physicians Realty Trust,DOC,"Milwaukee, Wisconsin",Health care,$18.42,up,1.02,0.06%,REIT,Public,Health care,Equity,DOC,"New York Stock Exchange, Inc. (NYSE)",$18.08,$18.06 - $17.72,"1,068,941","1,356,083",$21.60 - $14.37,$3.36 bil,$0.23,5.09,$157.83 mil
https://www.reit.com/investing/reit-directory/kennedy-wilson,Kennedy Wilson,KW,"Beverly Hills, California",Diversified,$20.00,up,1.13,0.06%,REOC,Public,Diversified,Equity,KW,"New York Stock Exchange, Inc. (NYSE)",$19.71,$19.94 - $19.30,"384,169","565,942",$22.25 - $16.15,$2.88 bil,$0.19,4.26,$264.20 mil
https://www.reit.com/investing/reit-directory/hudson-pacific-properties-inc,"Hudson Pacific Properties, Inc.",HPP,"Los Angeles, California",Office,N/A,up,0.93,0.03%,REIT,Public,Office,Equity,HPP,"New York Stock Exchange, Inc. (NYSE)",$31.75,$32.03 - $31.32,"1,077,576","1,072,175",$36.00 - $28.63,$0.00,$0.25,3.15,$327.30 mil
https://www.reit.com/investing/reit-directory/starwood-property-trust-inc,"Starwood Property Trust, Inc.",STWD,"Greenwich, Connecticut",Mortgage,$22.55,up,0.84,0.04%,REIT,Public,Mortgage,Mortgage,STWD,"New York Stock Exchange, Inc. (NYSE)",$22.42,$22.48 - $22.24,"2,474,721","2,008,080",$22.90 - $19.72,$6.21 bil,$0.48,8.56,$486.88 mil
https://www.reit.com/investing/reit-directory/chatham-lodging-trust,Chatham Lodging Trust,CLDT,"West Palm Beach, Florida",Lodging / Resorts,$21.90,up,0.84,0.04%,REIT,Public,Lodging/Resorts,Equity,CLDT,"New York Stock Exchange, Inc. (NYSE)",$19.99,$19.95 - $19.52,"240,660","237,912",$23.76 - $18.18,$1.02 bil,,6.60,$85.77 mil
https://www.reit.com/investing/reit-directory/ellington-residential-mortgage-reit,Ellington Residential Mortgage REIT,EARN,"Old Greenwich, Connecticut",Mortgage,$11.49,up,0.90,0.09%,REIT,Public,Mortgage,Mortgage,EARN,"New York Stock Exchange, Inc. (NYSE)",$11.43,$11.49 - $11.37,"61,281","67,178",$15.40 - $10.36,$144.89 mil,$0.37,12.95,$37.53 mil
https://www.reit.com/investing/reit-directory/lexington-realty-trust,Lexington Realty Trust,LXP,"New York, New York",Diversified,$8.90,up,0.92,0.12%,REIT,Public,Diversified,Equity,LXP,"New York Stock Exchange, Inc. (NYSE)",$8.81,$8.84 - $8.72,"1,442,889","1,182,553",$10.59 - $7.65,$2.13 bil,$0.18,8.06,$225.84 mil
https://www.reit.com/investing/reit-directory/empire-state-realty-trust,Empire State Realty Trust,ESRT,"New York, New York",Office,$16.88,up,0.78,0.05%,REIT,Public,Office,Equity,ESRT,"New York Stock Exchange, Inc. (NYSE)",$16.43,$16.47 - $16.13,"1,966,136","1,313,132",$21.07 - $15.27,$2.94 bil,$0.11,2.56,$256.13 mil
https://www.reit.com/investing/reit-directory/rayonier-inc,Rayonier Inc.,RYN,"Wildlight, Florida",Timberlands,$33.70,up,0.82,0.03%,REIT,Public,Timberlands,Equity,RYN,"New York Stock Exchange, Inc. (NYSE)",$31.77,$31.84 - $30.33,"639,092","536,253",$39.55 - $27.80,$4.36 bil,$0.27,3.40,$262.96 mil
https://www.reit.com/investing/reit-directory/hospitality-properties-trust,Hospitality Properties Trust,HPT,"Newton, Massachusetts",Lodging / Resorts,$27.08,up,0.64,0.02%,REIT,Public,Lodging/Resorts,Equity,HPT,NASDAQ (NASDAQ),$26.64,$26.64 - $26.11,"522,362","615,894",$31.09 - $23.94,$4.45 bil,$0.53,7.96,$556.78 mil
https://www.reit.com/investing/reit-directory/taubman-centers-inc,"Taubman Centers, Inc.",TCO,"Bloomfield Hills, Michigan",Retail,$53.30,up,0.82,0.02%,REIT,Public,Retail,Equity,TCO,"New York Stock Exchange, Inc. (NYSE)",$53.30,$53.55 - $52.63,"767,261","536,874",$66.39 - $46.30,$3.25 bil,$0.66,4.92,$367.16 mil
https://www.reit.com/investing/reit-directory/alexander-baldwin-inc,"Alexander & Baldwin, Inc.",ALEX,"Honolulu, Hawaii",Diversified,$22.10,up,0.82,0.04%,REIT,Public,Diversified,Equity,ALEX,NYSE American (NYSEMKT),$20.36,$20.46 - $19.57,"277,927","306,756",$46.87 - $19.31,$1.59 bil,$0.00,0.00,$70.10 mil
https://www.reit.com/investing/reit-directory/duke-realty-corporation,Duke Realty Corporation,DRE,"Indianapolis, Indiana",Industrial,$31.00,up,0.82,0.03%,REIT,Public,Industrial,Equity,DRE,"New York Stock Exchange, Inc. (NYSE)",$28.83,$28.83 - $28.37,"2,304,743","1,883,273",$30.14 - $24.52,$11.21 bil,$0.22,2.98,$587.11 mil
https://www.reit.com/investing/reit-directory/gladstone-land-corporation,Gladstone Land Corporation,LAND,"Mc Lean, Virginia",Specialty,$13.86,up,0.81,0.07%,REIT,Public,Specialty,Equity,LAND,NASDAQ (NASDAQ),$13.27,$13.68 - $13.25,"151,790","69,634",$14.09 - $11.28,$222.74 mil,,4.02,$7.62 mil
https://www.reit.com/investing/reit-directory/global-medical-reit,Global Medical REIT,GMRE,"Bethesda, Maryland",Health care,N/A,up,0.78,0.09%,REIT,Public,Health care,Equity,GMRE,NYSE American (NYSEMKT),$9.89,$9.96 - $9.68,"88,947","81,309",$9.92 - $6.50,$0.00,$0.20,8.09,$13.31 mil
https://www.reit.com/investing/reit-directory/mack-cali-realty-corporation,Mack-Cali Realty Corporation,CLI,"Jersey City, New Jersey",Diversified,$23.02,up,1.68,0.08%,REIT,Public,Diversified,Equity,CLI,"New York Stock Exchange, Inc. (NYSE)",$21.86,$21.96 - $21.43,"1,050,198","561,433",$27.62 - $16.23,$2.08 bil,$0.20,3.66,$239.72 mil
https://www.reit.com/investing/reit-directory/invesco-mortgage-capital-inc,Invesco Mortgage Capital Inc.,IVR,"Atlanta, Georgia",Mortgage,$16.10,up,0.76,0.05%,REIT,Public,Mortgage,Mortgage,IVR,"New York Stock Exchange, Inc. (NYSE)",$15.61,$15.69 - $15.49,"754,488","817,984",$18.64 - $14.58,$1.80 bil,$0.42,10.76,$331.39 mil
https://www.reit.com/investing/reit-directory/bluerock-residential-growth-reit-inc,"Bluerock Residential Growth REIT, Inc.",BRG,"New York, New York",Residential,$9.55,up,0.68,0.07%,REIT,Public,Residential,Equity,BRG,"New York Stock Exchange, Inc. (NYSE)",$9.76,$9.80 - $9.48,"153,738","119,014",$13.69 - $7.24,$227.12 mil,,6.66,$39.09 mil
https://www.reit.com/investing/reit-directory/kilroy-realty-corporation,Kilroy Realty Corporation,KRC,"Los Angeles, California",Office,$73.75,up,0.63,0.01%,REIT,Public,Office,Equity,KRC,"New York Stock Exchange, Inc. (NYSE)",$71.11,$71.53 - $70.13,"962,690","563,261",$77.34 - $63.72,$7.43 bil,$0.46,2.56,$358.85 mil
https://www.reit.com/investing/reit-directory/xenia-hotels-resorts-inc,"Xenia Hotels & Resorts, Inc.",XHR,"Orlando, Florida",Lodging / Resorts,$23.82,up,0.60,0.03%,REIT,Public,Lodging/Resorts,Equity,XHR,"New York Stock Exchange, Inc. (NYSE)",$20.32,$20.39 - $19.82,"920,672","511,854",$25.74 - $19.10,$2.68 bil,$0.28,5.41,$217.51 mil
https://www.reit.com/investing/reit-directory/acadia-realty-trust,Acadia Realty Trust,AKR,"Rye, New York",Retail,N/A,up,1.68,0.06%,REIT,Public,Retail,Equity,AKR,"New York Stock Exchange, Inc. (NYSE)",$28.92,$28.99 - $28.44,"371,506","469,725",$30.46 - $21.91,$0.00,$0.27,3.87,$121.65 mil
https://www.reit.com/investing/reit-directory/gladstone-commercial-corporation,Gladstone Commercial Corporation,GOOD,"McLean, Virginia",Diversified,$20.15,up,0.63,0.03%,REIT,Public,Diversified,Equity,GOOD,NASDAQ (NASDAQ),$19.25,$19.30 - $19.05,"114,353","94,536",$23.13 - $16.83,$596.69 mil,,7.79,$52.50 mil
https://www.reit.com/investing/reit-directory/saul-centers-inc,"Saul Centers, Inc.",BFS,"Bethesda, Maryland",Retail,$52.94,up,1.72,0.03%,REIT,Public,Retail,Equity,BFS,"New York Stock Exchange, Inc. (NYSE)",$53.03,$53.46 - $51.87,"29,287","49,696",$65.30 - $47.50,$1.20 bil,$0.52,4.00,$110.26 mil
https://www.reit.com/investing/reit-directory/brixmor-property-group-inc,Brixmor Property Group Inc.,BRX,"New York, New York",Retail,$17.58,up,1.65,0.11%,REIT,Public,Retail,Equity,BRX,"New York Stock Exchange, Inc. (NYSE)",$16.78,$16.87 - $16.54,"2,478,439","3,739,129",$20.00 - $13.98,$5.28 bil,$0.28,6.67,$626.60 mil
https://www.reit.com/investing/reit-directory/tier-reit,TIER REIT ,TIER,"Dallas, Texas",Office,$24.00,up,1.67,0.08%,REIT,Public,Office,Equity,TIER,"New York Stock Exchange, Inc. (NYSE)",$23.38,$23.47 - $22.98,"253,205","256,123",$24.49 - $17.24,$1.29 bil,$0.18,3.08,$190.66 mil
https://www.reit.com/investing/reit-directory/vici-properties-inc,"VICI Properties, Inc.",VICI,"Las Vegas, Nevada",Specialty,$24.00,up,0.37,0.02%,REIT,Public,Specialty,Equity,VICI,"New York Stock Exchange, Inc. (NYSE)",$21.89,$22.07 - $21.42,"4,183,917","6,667,728",$22.99 - $0.00,$9.71 bil,$0.29,4.32,$44.92 mil
https://www.reit.com/investing/reit-directory/piedmont-office-realty-trust-inc,"Piedmont Office Realty Trust, Inc.",PDM,"Atlanta, Georgia",Office,N/A,up,0.43,0.02%,REIT,Public,Office,Equity,PDM,"New York Stock Exchange, Inc. (NYSE)",$18.73,$18.86 - $18.59,"1,140,710","916,745",$21.42 - $16.78,$0.00,$0.21,4.48,$264.32 mil
https://www.reit.com/investing/reit-directory/blackstone-mortgage-trust-inc,"Blackstone Mortgage Trust, Inc.",BXMT,"New York, New York",Mortgage,$35.80,up,1.64,0.05%,REIT,Public,Mortgage,Mortgage,BXMT,"New York Stock Exchange, Inc. (NYSE)",$35.27,$35.27 - $34.81,"1,549,586","1,506,831",$35.44 - $29.80,$4.33 bil,$0.62,7.03,$225.61 mil
https://www.reit.com/investing/reit-directory/rexford-industrial-realty-inc,"Rexford Industrial Realty, Inc.",REXR,"Los Angeles, California",Industrial,N/A,up,1.66,0.05%,REIT,Public,Industrial,Equity,REXR,"New York Stock Exchange, Inc. (NYSE)",$32.84,$32.82 - $32.20,"1,099,018","696,870",$33.30 - $26.40,$0.00,$0.16,1.95,$77.32 mil
https://www.reit.com/investing/reit-directory/franklin-street-properties-corp,Franklin Street Properties Corp.,FSP,"Wakefield, Massachusetts",Office,$7.75,up,0.41,0.06%,REIT,Public,Office,Equity,FSP,"New York Stock Exchange, Inc. (NYSE)",$7.74,$7.77 - $7.49,"282,459","370,137",$11.30 - $6.96,$831.04 mil,$0.09,4.65,$112.28 mil
https://www.reit.com/investing/reit-directory/capstead-mortgage-corporation,Capstead Mortgage Corporation,CMO,"Dallas, Texas",Mortgage,$8.00,up,0.29,0.04%,REIT,Public,Mortgage,Mortgage,CMO,"New York Stock Exchange, Inc. (NYSE)",$7.67,$7.70 - $7.62,"1,107,092","1,217,648",$10.83 - $6.74,$727.42 mil,$0.11,5.74,$209.91 mil
https://www.reit.com/investing/reit-directory/mfa-financial-inc,"MFA Financial, Inc.",MFA,"New York, New York",Mortgage,$7.20,up,0.26,0.04%,REIT,Public,Mortgage,Mortgage,MFA,"New York Stock Exchange, Inc. (NYSE)",$7.17,$7.18 - $7.09,"3,565,179","2,949,264",$8.87 - $6.83,$3.24 bil,$0.20,11.16,$187.45 mil
https://www.reit.com/investing/reit-directory/apollo-commercial-re-finance-inc,"Apollo Commercial RE Finance, Inc.",ARI,"New York, New York",Mortgage,$19.11,up,0.40,0.02%,REIT,Public,Mortgage,Mortgage,ARI,"New York Stock Exchange, Inc. (NYSE)",$18.88,$18.90 - $18.63,"1,090,053","1,023,964",$19.52 - $17.70,$2.56 bil,$0.46,9.75,$168.57 mil
https://www.reit.com/investing/reit-directory/kite-realty-group-trust,Kite Realty Group Trust,KRG,"Indianapolis, Indiana",Retail,$17.00,up,1.64,0.11%,REIT,Public,Retail,Equity,KRG,"New York Stock Exchange, Inc. (NYSE)",$16.72,$16.78 - $16.52,"560,564","532,452",$21.38 - $14.18,$1.42 bil,$0.32,7.60,$193.41 mil
https://www.reit.com/investing/reit-directory/paramount-group-inc,"Paramount Group, Inc.",PGRE,"New York, New York",Office,$14.33,up,0.37,0.03%,REIT,Public,Office,Equity,PGRE,"New York Stock Exchange, Inc. (NYSE)",$14.47,$14.50 - $14.19,"2,737,020","2,055,518",$16.60 - $13.86,$3.40 bil,$0.10,2.76,$239.47 mil
https://www.reit.com/investing/reit-directory/infrareit-inc,"InfraREIT, Inc.",HIFR,"Dallas, Texas",Infrastructure,N/A,up,0.32,0.02%,REIT,Public,Infrastructure,Equity,HIFR,"New York Stock Exchange, Inc. (NYSE)",$21.28,$21.29 - $21.13,"222,037","621,043",$23.19 - $17.79,$0.00,$0.25,4.70,$127.84 mil
https://www.reit.com/investing/reit-directory/western-asset-mortgage-capital-corporation,Western Asset Mortgage Capital Corporation,WMC,"Pasadena, California",Mortgage,$10.28,up,0.23,0.02%,REIT,Public,Mortgage,Mortgage,WMC,"New York Stock Exchange, Inc. (NYSE)",$10.10,$10.11 - $10.01,"349,782","321,162",$11.33 - $8.80,$494.63 mil,$0.31,12.28,$64.47 mil
https://www.reit.com/investing/reit-directory/global-net-lease,Global Net Lease,GNL,"New York, New York",Retail,$20.25,up,0.23,0.01%,REIT,Public,Retail,Equity,GNL,"New York Stock Exchange, Inc. (NYSE)",$20.21,$20.28 - $19.89,"714,527","806,322",$22.59 - $15.64,$1.54 bil,,10.54,$144.25 mil
https://www.reit.com/investing/reit-directory/american-homes-4-rent,American Homes 4 Rent,AMH,"Agoura Hills, California",Residential,N/A,up,0.25,0.01%,REIT,Public,Residential,Equity,AMH,NYSE American (NYSEMKT),$21.06,$21.33 - $20.85,"1,663,492","2,301,056",$23.24 - $18.73,$0.00,$0.05,0.95,$409.95 mil
https://www.reit.com/investing/reit-directory/lasalle-hotel-properties,LaSalle Hotel Properties,LHO,"Bethesda, Maryland",Lodging / Resorts,N/A,up,0.24,0.01%,REIT,Public,Lodging/Resorts,Equity,LHO,"New York Stock Exchange, Inc. (NYSE)",$32.06,$0.00 - $0.00,0,"2,410,985",$35.64 - $24.41,$0.00,$0.23,0.00,$386.94 mil
https://www.reit.com/investing/reit-directory/easterly-government-properties,Easterly Government Properties,DEA,"Washington, District of Columbia",Office,$20.17,up,0.31,0.02%,REIT,Public,Office,Equity,DEA,"New York Stock Exchange, Inc. (NYSE)",$18.50,$18.59 - $18.31,"238,240","395,957",$22.09 - $17.52,$1.47 bil,$0.26,5.62,$53.23 mil
https://www.reit.com/investing/reit-directory/consolidated-tomoka-land,Consolidated-Tomoka Land,CTO,"Daytona Beach, Florida",Retail,N/A,up,0.30,0.01%,REOC,Public,Retail,Equity,CTO,"New York Stock Exchange, Inc. (NYSE)",$58.81,$58.62 - $58.25,"7,468","9,127",$67.58 - $53.15,$0.00,$0.08,0.54,$46.35 mil
https://www.reit.com/investing/reit-directory/diamondrock-hospitality-company,DiamondRock Hospitality Company,DRH,"Bethesda, Maryland",Lodging / Resorts,N/A,up,0.22,0.02%,REIT,Public,Lodging/Resorts,Equity,DRH,"New York Stock Exchange, Inc. (NYSE)",$10.31,$10.36 - $10.04,"3,945,139","3,131,297",$12.95 - $9.97,$0.00,$0.13,4.85,$205.73 mil
https://www.reit.com/investing/reit-directory/forest-city-realty-trust-inc,"Forest City Realty Trust, Inc.",FCE.A,"Cleveland, Ohio",Diversified,N/A,up,0.17,0.01%,REIT,Public,Diversified,Equity,FCE.A,"New York Stock Exchange, Inc. (NYSE)",$25.34,$25.36 - $25.33,"6,055,069","3,548,298",$26.20 - $19.57,$0.00,$0.18,0.00,$547.43 mil
https://www.reit.com/investing/reit-directory/uniti-group-inc,Uniti Group Inc.,UNIT,"Little Rock, Arkansas",Infrastructure,$20.10,up,0.19,0.01%,REIT,Public,Infrastructure,Equity,UNIT,NASDAQ (NASDAQ),$19.48,$19.86 - $19.25,"1,091,683","1,512,800",$26.39 - $14.17,$3.60 bil,$0.60,12.32,$411.49 mil
https://www.reit.com/investing/reit-directory/istar,IStar,STAR,"New York, New York",Mortgage,$12.00,up,0.16,0.02%,REIT,Public,Mortgage,Equity,STAR,"New York Stock Exchange, Inc. (NYSE)",$10.54,$10.67 - $10.47,"400,043","568,588",$12.24 - $9.91,$815.86 mil,$0.09,3.42,$229.52 mil
https://www.reit.com/investing/reit-directory/cousins-properties,Cousins Properties,CUZ,"Atlanta, Georgia",Office,$9.98,up,0.16,0.02%,REIT,Public,Office,Equity,CUZ,"New York Stock Exchange, Inc. (NYSE)",$8.41,$8.38 - $8.21,"6,113,587","3,866,795",$9.83 - $8.19,$4.20 bil,$0.07,3.09,$414.35 mil
https://www.reit.com/investing/reit-directory/dynex-capital-inc,"Dynex Capital, Inc.",DX,"Glen Allen, Virginia",Mortgage,$6.08,up,0.15,0.03%,REIT,Public,Mortgage,Mortgage,DX,"New York Stock Exchange, Inc. (NYSE)",$6.00,$6.03 - $5.97,"578,748","420,368",$7.36 - $5.79,$362.91 mil,$0.18,12.00,$203.25 mil
https://www.reit.com/investing/reit-directory/armada-hoffler-properties-inc,"Armada Hoffler Properties, Inc.",AHH,"Virginia Beach, Virginia",Diversified,N/A,up,0.15,0.01%,REIT,Public,Diversified,Equity,AHH,"New York Stock Exchange, Inc. (NYSE)",$15.26,$15.28 - $15.10,"201,601","202,543",$16.10 - $12.73,$0.00,$0.20,5.24,$60.47 mil
https://www.reit.com/investing/reit-directory/summit-hotel-properties-inc,Summit Hotel Properties Inc.,INN,"Austin, Texas",Lodging / Resorts,$11.42,up,0.12,0.01%,REIT,Public,Lodging/Resorts,Equity,INN,"New York Stock Exchange, Inc. (NYSE)",$11.12,$11.17 - $10.93,"404,746","730,841",$19.09 - $10.75,$1.20 bil,$0.18,6.47,$151.07 mil
https://www.reit.com/investing/reit-directory/columbia-property-trust-inc,Columbia Property Trust Inc.,CXP,"Atlanta, Georgia",Office,$24.40,up,0.13,0.01%,REIT,Public,Office,Equity,CXP,"New York Stock Exchange, Inc. (NYSE)",$21.81,$21.84 - $21.31,"604,640","691,902",$24.23 - $19.61,$2.88 bil,$0.20,3.67,$269.53 mil
https://www.reit.com/investing/reit-directory/cedar-realty-trust-inc,"Cedar Realty Trust, Inc.",CDR,"Port Washington, New York",Retail,$3.89,,-0.05,-0.01%,REIT,Public,Retail,Equity,CDR,"New York Stock Exchange, Inc. (NYSE)",$3.62,$3.63 - $3.52,"619,947","372,802",$6.16 - $3.39,$354.80 mil,$0.05,5.52,$65.63 mil
https://www.reit.com/investing/reit-directory/urban-edge-properties,Urban Edge Properties,UE,"New York, New York",Retail,$19.36,up,0.08,0.00%,REIT,Public,Retail,Equity,UE,"New York Stock Exchange, Inc. (NYSE)",$19.88,$19.73 - $19.19,"764,139","814,590",$26.09 - $19.19,$2.21 bil,$0.22,4.43,$161.31 mil
https://www.reit.com/investing/reit-directory/industrial-logistics-properties-trust,Industrial Logistics Properties Trust,ILPT,"Newton, Massachusetts",Industrial,N/A,,-0.25,-0.01%,REIT,Public,Industrial,Equity,ILPT,NASDAQ (NASDAQ),$21.38,$21.48 - $20.81,"139,831","357,455",$24.21 - $0.00,$0.00,$0.33,6.17,$101.49 mil
https://www.reit.com/investing/reit-directory/investors-real-estate-trust,Investors Real Estate Trust,IRET,"Minot, North Dakota",Residential,$5.95,,-0.07,-0.01%,REIT,Public,Residential,Equity,IRET,"New York Stock Exchange, Inc. (NYSE)",$5.34,$5.33 - $5.26,"291,598","300,029",$6.72 - $4.65,$711.07 mil,$0.07,5.24,$57.46 mil
https://www.reit.com/investing/reit-directory/front-yard-residential-corporation,Front Yard Residential Corporation,RESI,"Christiansted, Virgin Islands",Residential,$10.00,,-0.34,-0.03%,REIT,Public,Residential,Equity,RESI,"New York Stock Exchange, Inc. (NYSE)",$9.70,$9.79 - $9.46,"567,212","986,068",$13.25 - $8.22,$536.30 mil,$0.15,6.19,$-39.57 mil
https://www.reit.com/investing/reit-directory/global-self-storage-inc,"Global Self Storage, Inc.",SELF,"New York, New York",Self-storage,N/A,,-0.10,-0.03%,REIT,Public,Self-storage,Equity,SELF,NASDAQ (NASDAQ),$3.90,$4.04 - $3.87,"17,712","17,140",$5.12 - $3.90,$0.00,$0.07,6.67,$1.60 mil
https://www.reit.com/investing/reit-directory/apple-hospitality-reit-inc,"Apple Hospitality REIT, Inc.",APLE,"Richmond, Virginia",Lodging / Resorts,$16.46,,-0.12,-0.01%,REIT,Public,Lodging/Resorts,Equity,APLE,"New York Stock Exchange, Inc. (NYSE)",$15.88,$15.93 - $15.58,"2,113,466","1,775,218",$20.12 - $15.62,$3.77 bil,,7.56,$395.69 mil
https://www.reit.com/investing/reit-directory/tpg-re-finance-trust-inc,"TPG RE Finance Trust, Inc.",TRTX,"New York, New York",Mortgage,$20.60,,-0.17,-0.01%,REIT,Public,Mortgage,Mortgage,TRTX,"New York Stock Exchange, Inc. (NYSE)",$19.55,$19.68 - $19.49,"221,745","204,698",$20.95 - $0.00,$1.38 bil,$0.43,8.80,$92.03 mil
https://www.reit.com/investing/reit-directory/exantas-capital-corp,Exantas Capital Corp.,XAN,"New York, New York",Mortgage,$11.50,,-0.10,-0.01%,REIT,Public,Mortgage,Mortgage,XAN,"New York Stock Exchange, Inc. (NYSE)",$10.92,$10.99 - $10.83,"412,989","150,266",$12.05 - $8.64,$364.10 mil,$0.15,5.49,$212.82 mil
https://www.reit.com/investing/reit-directory/sotherly-hotels-inc,Sotherly Hotels Inc.,SOHO,"Williamsburg, Virginia",Lodging / Resorts,N/A,,-0.09,-0.01%,REIT,Public,Lodging/Resorts,Equity,SOHO,NASDAQ (NASDAQ),$6.79,$6.85 - $6.76,"19,325","33,925",$7.48 - $5.84,$0.00,$0.13,7.36,$20.00 mil
https://www.reit.com/investing/reit-directory/seritage-growth-properties,Seritage Growth Properties,SRG,"New York, New York",Retail,$55.00,,-0.12,0.00%,REIT,Public,Retail,Equity,SRG,NYSE American (NYSEMKT),$38.15,$38.24 - $37.42,"243,863","380,964",$51.53 - $34.50,$2.06 bil,$0.25,2.62,$103.74 mil
https://www.reit.com/investing/reit-directory/ashford-hospitality-trust,Ashford Hospitality Trust,AHT,"Dallas, Texas",Lodging / Resorts,$4.96,,-0.28,-0.05%,REIT,Public,Lodging/Resorts,Equity,AHT,"New York Stock Exchange, Inc. (NYSE)",$4.87,$4.87 - $4.70,"405,027","436,160",$8.59 - $4.82,$501.15 mil,$0.12,9.86,$218.57 mil
https://www.reit.com/investing/reit-directory/american-finance-trust-inc,American Finance Trust Inc.,AFIN,"New York, New York",Retail,$13.49,,-0.41,-0.03%,REIT,Public,Retail,Equity,AFIN,NASDAQ (NASDAQ),$13.40,$13.73 - $13.00,"406,608","270,053",$17.76 - $0.00,$1.08 bil,$0.09,8.15,$114.77 mil
https://www.reit.com/investing/reit-directory/clipper-realty-inc,Clipper Realty Inc.,CLPR,"Brooklyn, New York",Residential,$14.00,,-0.64,-0.05%,REIT,Public,Residential,Equity,CLPR,NYSE American (NYSEMKT),$12.39,$12.58 - $12.30,"55,373","47,278",$14.25 - $7.72,$249.38 mil,$0.10,3.07,$17.14 mil
https://www.reit.com/investing/reit-directory/reven-housing-reit-inc,"Reven Housing REIT, Inc.",RVEN,"La Jolla, California",Residential,$3.44,,-0.66,-0.16%,REIT,Public,Residential,Equity,RVEN,NASDAQ (NASDAQ),$3.44,$3.42 - $3.35,713,"1,226",$6.74 - $2.58,$37.65 mil,$0.01,1.19,$0.87 mil
https://www.reit.com/investing/reit-directory/first-reit-new-jersey,First REIT of New Jersey,FREVS,"Hackensack, New Jersey",Diversified,N/A,,-0.70,-0.04%,REIT,Public,Diversified,Equity,FREVS,Over-the-Counter (OTC),$15.55,$0.00 - $0.00,0,668,$17.88 - $14.10,$0.00,$0.05,1.29,$8.38 mil
https://www.reit.com/investing/reit-directory/new-residential-investment-corporation,New Residential Investment Corporation,NRZ,"New York, New York",Mortgage,$17.45,,-0.63,-0.04%,REIT,Public,Mortgage,Mortgage,NRZ,"New York Stock Exchange, Inc. (NYSE)",$17.02,$17.06 - $16.80,"3,269,594","5,390,495",$18.68 - $15.30,$6.38 bil,$0.50,11.75,$-904.55 mil
https://www.reit.com/investing/reit-directory/gazit-globe,Gazit Globe,GZT,"Miami, Florida",Diversified,$7.85,,-0.43,-0.05%,REOC,Public,Diversified,Equity,GZT,"New York Stock Exchange, Inc. (NYSE)",$7.79,$7.83 - $7.60,"3,565","1,927",$10.96 - $7.79,$1.50 bil,$0.11,5.25,$204.24 mil
https://www.reit.com/investing/reit-directory/new-senior-investment-group,New Senior Investment Group,SNR,"New York, New York",Health care,$5.30,,-0.60,-0.10%,REIT,Public,Health care,Equity,SNR,NYSE American (NYSEMKT),$5.22,$5.21 - $4.95,"1,166,650","455,102",$10.46 - $5.17,$435.39 mil,$0.13,9.96,$81.19 mil
https://www.reit.com/investing/reit-directory/braemar-hotels-resorts-inc,"Braemar Hotels & Resorts, Inc.",BHR,"Dallas, Texas",Lodging / Resorts,N/A,,-0.83,-0.08%,REIT,Public,Lodging/Resorts,Equity,BHR,"New York Stock Exchange, Inc. (NYSE)",$9.79,$10.04 - $9.81,"200,056","127,358",$11.97 - $8.60,$0.00,$0.16,6.54,$57.57 mil
https://www.reit.com/investing/reit-directory/select-income-reit,Select Income REIT,SIR,"Newton, Massachusetts",Office,$21.00,,-0.82,-0.04%,REIT,Public,Office,Equity,SIR,NASDAQ (NASDAQ),$19.40,$19.44 - $18.99,"328,910","921,252",$25.85 - $18.17,$1.88 bil,$0.51,10.52,$204.13 mil
https://www.reit.com/investing/reit-directory/cbl-properties,CBL Properties,CBL,"Chattanooga, Tennessee",Retail,$2.66,,-0.84,-0.26%,REIT,Public,Retail,Equity,CBL,"New York Stock Exchange, Inc. (NYSE)",$2.44,$2.61 - $2.43,"2,919,834","4,041,424",$9.63 - $2.40,$459.30 mil,$0.20,12.30,$544.81 mil
https://www.reit.com/investing/reit-directory/highwoods-properties-inc,"Highwoods Properties, Inc.",HIW,"Raleigh, North Carolina",Office,$50.00,,-0.73,-0.02%,REIT,Public,Office,Equity,HIW,"New York Stock Exchange, Inc. (NYSE)",$43.42,$43.60 - $43.02,"649,873","751,825",$52.88 - $41.50,$5.17 bil,$0.46,4.26,$395.02 mil
https://www.reit.com/investing/reit-directory/landmark-infrastructure-partners-lp,Landmark Infrastructure Partners LP,LMRK,"El Segundo, California",Infrastructure,$13.56,,-0.84,-0.06%,REOC,Public,Infrastructure,Equity,LMRK,NASDAQ (NASDAQ),$14.10,$14.07 - $13.41,"66,777","99,447",$18.75 - $12.58,$342.61 mil,$0.37,10.43,$33.32 mil
https://www.reit.com/investing/reit-directory/medequities-realty-trust-inc,"MedEquities Realty Trust, Inc.",MRT,"Nashville, Tennessee",Health care,N/A,,-1.51,-0.18%,REIT,Public,Health care,Equity,MRT,NYSE American (NYSEMKT),$6.85,$6.90 - $6.69,"182,224","182,718",$12.79 - $6.82,$0.00,$0.21,0.00,$39.52 mil
https://www.reit.com/investing/reit-directory/monmouth-real-estate-investment-corporation,Monmouth Real Estate Investment Corporation,MNR,"Freehold, New Jersey",Industrial,$14.68,,-1.46,-0.09%,REIT,Public,Industrial,Equity,MNR,"New York Stock Exchange, Inc. (NYSE)",$14.09,$14.14 - $13.75,"545,739","538,922",$18.19 - $13.68,$1.34 bil,$0.17,4.83,$86.66 mil
https://www.reit.com/investing/reit-directory/tremont-mortgage-trust,Tremont Mortgage Trust,TRMT,"Newton, Massachusetts",Mortgage,$12.13,,-1.44,-0.12%,REIT,Public,Mortgage,Mortgage,TRMT,NASDAQ (NASDAQ),$10.10,$10.13 - $10.02,"7,657","7,071",$17.29 - $0.00,$37.60 mil,$0.00,0.00,$-1.11 mil
https://www.reit.com/investing/reit-directory/weyerhaeuser,Weyerhaeuser,WY,"Seattle, Washington",Timberlands,$25.48,,-1.74,-0.06%,REIT,Public,Timberlands,Equity,WY,"New York Stock Exchange, Inc. (NYSE)",$26.74,$26.75 - $25.00,"7,393,326","5,212,744",$38.36 - $25.12,$19.09 bil,$0.34,5.09,"$1,427.00 mil"
https://www.reit.com/investing/reit-directory/plymouth-industrial-reit-inc,"Plymouth Industrial REIT, Inc.",PLYM,"Boston, Massachusetts",Industrial,$16.15,,-1.61,-0.12%,REIT,Public,Industrial,Equity,PLYM,"New York Stock Exchange, Inc. (NYSE)",$12.27,$12.80 - $12.00,"31,004","23,833",$19.00 - $11.45,$77.88 mil,$0.38,12.22,$1.98 mil
https://www.reit.com/investing/reit-directory/washington-reit,Washington REIT,WRE,"Washington, District of Columbia",Diversified,$29.08,,-2.17,-0.07%,REIT,Public,Diversified,Equity,WRE,"New York Stock Exchange, Inc. (NYSE)",$26.86,$27.32 - $26.78,"940,528","373,793",$33.82 - $25.28,$2.32 bil,$0.30,4.47,$149.95 mil
https://www.reit.com/investing/reit-directory/corecivic,CoreCivic,CXW,"Nashville, Tennessee",Specialty,$23.00,,-1.67,-0.07%,REIT,Public,Specialty,Equity,CXW,"New York Stock Exchange, Inc. (NYSE)",$22.17,$22.21 - $21.76,"820,640","696,726",$29.03 - $19.00,$2.73 bil,$0.43,7.76,$332.95 mil
https://www.reit.com/investing/reit-directory/catchmark-timber-trust-inc,"CatchMark Timber Trust, Inc.",CTT,"Atlanta, Georgia",Timberlands,$8.35,,-0.89,-0.10%,REIT,Public,Timberlands,Equity,CTT,"New York Stock Exchange, Inc. (NYSE)",$8.25,$8.38 - $8.01,"372,012","451,160",$13.64 - $7.92,$409.38 mil,$0.14,6.55,$28.56 mil
https://www.reit.com/investing/reit-directory/farmland-partners-inc,Farmland Partners Inc.,FPI,"Denver, Colorado",Specialty,$6.20,,-0.86,-0.13%,REIT,Public,Specialty,Equity,FPI,"New York Stock Exchange, Inc. (NYSE)",$5.96,$6.05 - $5.72,"231,713","204,099",$9.53 - $5.28,$193.53 mil,$0.05,3.36,$19.05 mil
https://www.reit.com/investing/reit-directory/sabra-health-care-reit-inc,"Sabra Health Care REIT, Inc.",SBRA,"Irvine, California",Health care,$21.47,,-2.27,-0.10%,REIT,Public,Health care,Equity,SBRA,NASDAQ (NASDAQ),$19.38,$19.43 - $19.09,"2,441,121","2,243,806",$24.53 - $15.96,$3.83 bil,$0.45,9.29,$223.80 mil
https://www.reit.com/investing/reit-directory/preferred-apartment-communities-inc,"Preferred Apartment Communities, Inc",APTS,"Atlanta, Georgia",Residential,$18.00,,-0.90,-0.06%,REIT,Public,Residential,Equity,APTS,"New York Stock Exchange, Inc. (NYSE)",$15.34,$15.50 - $14.97,"238,142","261,936",$21.95 - $13.68,$758.14 mil,$0.26,6.78,$107.42 mil
https://www.reit.com/investing/reit-directory/pennsylvania-real-estate-investment-trust,Pennsylvania Real Estate Investment Trust,PEI,"Philadelphia, Pennsylvania",Retail,$8.60,,-0.98,-0.11%,REIT,Public,Retail,Equity,PEI,"New York Stock Exchange, Inc. (NYSE)",$8.11,$8.20 - $7.89,"1,094,836","906,400",$12.93 - $7.86,$606.00 mil,$0.21,10.36,$187.72 mil
https://www.reit.com/investing/reit-directory/condor-hospitality-trust-inc,"Condor Hospitality Trust, Inc.",CDOR,"Bethesda, Maryland",Lodging / Resorts,$10.02,,-1.23,-0.12%,REIT,Public,Lodging/Resorts,Equity,CDOR,"New York Stock Exchange, Inc. (NYSE)",$9.31,$9.46 - $9.30,"3,713","6,989",$11.24 - $9.30,$118.58 mil,$0.20,8.38,$7.47 mil
https://www.reit.com/investing/reit-directory/government-properties-income-trust,Government Properties Income Trust,GOV,"Newton, Massachusetts",Office,$8.90,,-1.42,-0.14%,REIT,Public,Office,Equity,GOV,NASDAQ (NASDAQ),$8.76,$8.87 - $8.45,"1,161,449","1,840,700",$21.90 - $8.32,$882.92 mil,$0.43,19.63,$162.89 mil
https://www.reit.com/investing/reit-directory/umh-properties-inc,"UMH Properties, Inc.",UMH,"Freehold, New Jersey",Residential,$13.04,,-1.32,-0.09%,REIT,Public,Residential,Equity,UMH,"New York Stock Exchange, Inc. (NYSE)",$13.14,$13.21 - $13.00,"266,781","188,480",$17.29 - $11.67,$491.16 mil,$0.18,5.48,$39.26 mil
https://www.reit.com/investing/reit-directory/geo-group,The GEO Group,GEO,"Boca Raton, Florida",Specialty,$23.88,,-1.33,-0.05%,REIT,Public,Specialty,Equity,GEO,"New York Stock Exchange, Inc. (NYSE)",$23.41,$23.32 - $22.79,"459,209","611,351",$30.80 - $19.65,$2.91 bil,$0.47,8.03,$317.22 mil
https://www.reit.com/investing/reit-directory/stag-industrial-inc,"STAG Industrial, Inc.",STAG,"Boston, Massachusetts",Industrial,$27.00,up,0.58,0.02%,REIT,Public,Industrial,Equity,STAG,"New York Stock Exchange, Inc. (NYSE)",$27.03,$27.00 - $26.60,"464,877","859,298",$28.99 - $22.58,$2.94 bil,,5.25,$168.96 mil
https://www.reit.com/investing/reit-directory/ltc-properties-inc,"LTC Properties, Inc.",LTC,"Westlake Village, California",Health care,$47.55,up,0.57,0.01%,REIT,Public,Health care,Equity,LTC,"New York Stock Exchange, Inc. (NYSE)",$44.00,$44.76 - $43.71,"458,036","246,716",$52.65 - $34.85,$1.89 bil,,5.18,$120.09 mil
https://www.reit.com/investing/reit-directory/qts-realty-trust-inc,"QTS Realty Trust, Inc.",QTS,"Overland Park, Kansas",Data centers,N/A,up,0.56,0.01%,REIT,Public,Data centers,Equity,QTS,"New York Stock Exchange, Inc. (NYSE)",$41.62,$42.17 - $40.26,"315,031","478,824",$61.04 - $32.27,$0.00,$0.41,3.94,$178.44 mil
https://www.reit.com/investing/reit-directory/host-hotels-resorts-inc,"Host Hotels & Resorts, Inc.",HST,"Bethesda, Maryland",Lodging / Resorts,$19.23,up,0.50,0.03%,REIT,Public,Lodging/Resorts,Equity,HST,"New York Stock Exchange, Inc. (NYSE)",$18.85,$18.86 - $18.39,"6,344,341","6,525,716",$22.25 - $17.38,$14.27 bil,$0.20,4.24,"$1,281.00 mil"
https://www.reit.com/investing/reit-directory/retail-value-inc,Retail Value Inc.,RVI,"Beachwood, Ohio",Retail,N/A,up,0.49,0.02%,REIT,Public,Retail,Equity,RVI,"New York Stock Exchange, Inc. (NYSE)",$29.02,$29.46 - $28.55,"27,134","72,525",$37.36 - $0.00,$0.00,$0.00,0.00,$94.59 mil
https://www.reit.com/investing/reit-directory/vereit-inc,"VEREIT, Inc.",VER,"New York, New York",Diversified,$7.87,up,0.57,0.08%,REIT,Public,Diversified,Equity,VER,"New York Stock Exchange, Inc. (NYSE)",$7.90,$7.88 - $7.78,"8,152,873","9,206,949",$8.68 - $6.59,$7.61 bil,$0.14,6.96,$783.17 mil
https://www.reit.com/investing/reit-directory/colony-capital-inc-0,"Colony Capital, Inc.",CLNY,"Los Angeles, California",Diversified,$6.40,up,0.43,0.08%,REIT,Public,Diversified,Equity,CLNY,"New York Stock Exchange, Inc. (NYSE)",$6.15,$6.19 - $6.01,"2,645,849","2,747,585",$14.70 - $5.46,$3.14 bil,$0.11,7.15,$866.78 mil
https://www.reit.com/investing/reit-directory/independence-realty-trust,Independence Realty Trust,IRT,"Philadelphia, Pennsylvania",Residential,$10.40,up,0.52,0.05%,REIT,Public,Residential,Equity,IRT,NYSE American (NYSEMKT),$10.34,$10.45 - $10.27,"648,477","526,203",$10.57 - $8.28,$934.13 mil,,6.96,$54.45 mil
https://www.reit.com/investing/reit-directory/tanger-factory-outlet-centers-inc,"Tanger Factory Outlet Centers, Inc.",SKT,"Greensboro, North Carolina",Retail,$24.54,up,2.69,0.13%,REIT,Public,Retail,Equity,SKT,"New York Stock Exchange, Inc. (NYSE)",$24.19,$24.65 - $24.10,"1,583,312","1,352,363",$27.67 - $20.04,$2.30 bil,$0.35,5.79,$276.65 mil
https://www.reit.com/investing/reit-directory/alexandria-real-estate-equities-inc,"Alexandria Real Estate Equities, Inc.",ARE,"Pasadena, California",Office,$127.90,up,3.84,0.03%,REIT,Public,Office,Equity,ARE,"New York Stock Exchange, Inc. (NYSE)",$127.08,$127.42 - $125.19,"816,870","617,805",$134.03 - $114.58,$13.75 bil,$0.93,3.05,$545.36 mil
https://www.reit.com/investing/reit-directory/healthcare-trust-america-inc,"Healthcare Trust of America, Inc.",HTA,"Scottsdale, Arizona",Health care,$29.20,up,2.47,0.09%,REIT,Public,Health care,Equity,HTA,"New York Stock Exchange, Inc. (NYSE)",$29.09,$29.05 - $28.52,"1,445,978","1,777,267",$31.99 - $24.32,$6.16 bil,$0.31,4.26,$298.33 mil
https://www.reit.com/investing/reit-directory/caretrust-reit-inc,"CareTrust REIT, Inc.",CTRE,"San Clemente, California",Health care,$20.16,up,2.65,0.15%,REIT,Public,Health care,Equity,CTRE,NASDAQ (NASDAQ),$20.20,$20.26 - $19.96,"856,869","859,335",$20.35 - $12.87,$1.69 bil,$0.21,4.06,$93.22 mil
https://www.reit.com/investing/reit-directory/udr-inc,"UDR, Inc.",UDR,"Highlands Ranch, Colorado",Residential,$50.20,up,3.35,0.08%,REIT,Public,Residential,Equity,UDR,"New York Stock Exchange, Inc. (NYSE)",$42.91,$42.98 - $42.26,"2,483,600","1,983,314",$42.91 - $32.92,$22.69 bil,$0.32,3.01,$691.93 mil
https://www.reit.com/investing/reit-directory/medical-properties-trust-inc,Medical Properties Trust Inc.,MPW,"Birmingham, Alabama",Health care,$17.66,up,2.54,0.17%,REIT,Public,Health care,Equity,MPW,"New York Stock Exchange, Inc. (NYSE)",$17.49,$17.43 - $16.85,"12,131,385","3,297,129",$17.49 - $11.88,$6.44 bil,$0.25,5.72,$388.23 mil
https://www.reit.com/investing/reit-directory/w-p-carey-inc,W. P. Carey Inc.,WPC,"New York, New York",Diversified,$71.00,up,3.28,0.05%,REIT,Public,Diversified,Equity,WPC,"New York Stock Exchange, Inc. (NYSE)",$70.00,$70.41 - $69.21,"2,194,112","2,417,892",$72.32 - $59.24,$11.44 bil,$1.03,5.89,$532.86 mil
https://www.reit.com/investing/reit-directory/jernigan-capital-inc,"Jernigan Capital, Inc.",JCAP,"Memphis, Tennessee",Mortgage,N/A,up,2.26,0.11%,REIT,Public,Mortgage,Mortgage,JCAP,NYSE American (NYSEMKT),$21.99,$22.05 - $21.80,"215,035","319,383",$22.60 - $16.13,$0.00,$0.35,6.37,$-4.57 mil
https://www.reit.com/investing/reit-directory/lamar-advertising-company,Lamar Advertising Company,LAMR,"Baton Rouge, Louisiana",Specialty,$73.44,up,2.46,0.03%,REIT,Public,Specialty,Equity,LAMR,NASDAQ (NASDAQ),$76.03,$75.77 - $73.22,"630,662","524,132",$80.47 - $62.10,$7.31 bil,$0.91,4.84,$546.47 mil
https://www.reit.com/investing/reit-directory/equity-commonwealth,Equity Commonwealth,EQC,"Chicago, Illinois",Office,$32.32,up,2.40,0.08%,REIT,Public,Office,Equity,EQC,"New York Stock Exchange, Inc. (NYSE)",$32.08,$32.10 - $31.44,"806,589","604,801",$32.49 - $28.10,$3.93 bil,$2.50,0.00,$136.65 mil
https://www.reit.com/investing/reit-directory/kimco-realty-corporation,Kimco Realty Corporation,KIM,"New Hyde Park, New York",Retail,$17.23,up,2.15,0.14%,REIT,Public,Retail,Equity,KIM,"New York Stock Exchange, Inc. (NYSE)",$17.07,$17.11 - $16.79,"6,396,502","3,854,330",$21.02 - $13.24,$7.26 bil,$0.28,6.56,$822.36 mil
https://www.reit.com/investing/reit-directory/hcp-inc,"HCP, Inc.",HCP,"Irvine, California",Health care,$30.87,up,3.43,0.13%,REIT,Public,Health care,Equity,HCP,"New York Stock Exchange, Inc. (NYSE)",$30.23,$30.14 - $29.68,"3,379,828","4,183,400",$32.75 - $21.64,$14.51 bil,$0.37,4.90,$904.03 mil
https://www.reit.com/investing/reit-directory/ryman-hospitality-properties-inc,"Ryman Hospitality Properties, Inc.",RHP,"Nashville, Tennessee",Lodging / Resorts,N/A,up,3.32,0.05%,REIT,Public,Lodging/Resorts,Equity,RHP,"New York Stock Exchange, Inc. (NYSE)",$75.31,$75.48 - $73.23,"182,697","280,865",$89.42 - $58.06,$0.00,$0.85,4.51,$283.76 mil
https://www.reit.com/investing/reit-directory/brandywine-realty-trust,Brandywine Realty Trust,BDN,"Philadelphia, Pennsylvania",Office,$14.85,up,0.06,0.00%,REIT,Public,Office,Equity,BDN,"New York Stock Exchange, Inc. (NYSE)",$14.36,$14.28 - $13.92,"2,254,245","1,375,419",$18.58 - $13.96,$2.65 bil,$0.18,5.29,$204.53 mil
https://www.reit.com/investing/reit-directory/national-storage-affiliates,National Storage Affiliates,NSA,"Greenwood Village, Colorado",Self-storage,$29.55,up,3.28,0.12%,REIT,Public,Self-storage,Equity,NSA,"New York Stock Exchange, Inc. (NYSE)",$29.63,$29.64 - $29.26,"467,354","377,418",$31.99 - $21.24,$1.67 bil,$0.29,4.05,$127.45 mil
https://www.reit.com/investing/reit-directory/arbor-realty-trust-inc,"Arbor Realty Trust, Inc.",ABR,"Uniondale, New York",Mortgage,$12.00,up,0.06,0.01%,REIT,Public,Mortgage,Mortgage,ABR,"New York Stock Exchange, Inc. (NYSE)",$11.81,$11.92 - $11.80,"1,734,190","1,384,068",$12.66 - $7.93,$1.02 bil,$0.27,9.14,$460.01 mil
https://www.reit.com/investing/reit-directory/american-campus-communities-inc,"American Campus Communities, Inc.",ACC,"Austin, Texas",Residential,$47.00,up,3.26,0.08%,REIT,Public,Residential,Equity,ACC,"New York Stock Exchange, Inc. (NYSE)",$43.76,$44.02 - $43.12,"821,484","724,604",$49.00 - $34.80,$6.44 bil,$0.46,4.20,$333.41 mil
https://www.reit.com/investing/reit-directory/cim-commercial-trust-corp,CIM Commercial Trust Corp,CMCT,"Dallas, Texas",Office,$17.28,up,0.05,0.00%,REIT,Public,Office,Equity,CMCT,NASDAQ (NASDAQ),$17.05,$17.17 - $17.03,"2,111","4,100",$20.15 - $12.00,$756.78 mil,$0.13,2.93,$47.88 mil
https://www.reit.com/investing/reit-directory/boston-properties-inc,"Boston Properties, Inc.",BXP,"Boston, Massachusetts",Office,$129.12,up,16.94,0.15%,REIT,Public,Office,Equity,BXP,"New York Stock Exchange, Inc. (NYSE)",$132.48,$132.31 - $128.57,"1,189,071","838,477",$132.48 - $112.09,$19.94 bil,$0.95,2.87,"$1,203.13 mil"
https://www.reit.com/investing/reit-directory/agnc-investment-corp,AGNC Investment Corp.,AGNC,"Bethesda, Maryland",Mortgage,$17.87,up,0.01,0.00%,REIT,Public,Mortgage,Mortgage,AGNC,NASDAQ (NASDAQ),$17.85,$17.88 - $17.74,"5,966,455","8,760,989",$21.85 - $17.37,$9.43 bil,,12.10,"$1,097.00 mil"
https://www.reit.com/investing/reit-directory/washington-prime-group,Washington Prime Group,WPG,"Columbus, Ohio",Retail,$6.18,up,0.01,0.00%,REIT,Public,Retail,Equity,WPG,"New York Stock Exchange, Inc. (NYSE)",$6.15,$6.19 - $6.03,"2,176,292","2,359,476",$9.58 - $5.63,$1.15 bil,$0.25,16.26,$422.62 mil
https://www.reit.com/investing/reit-directory/gramercy-property-trust,Gramercy Property Trust,GPT,"New York, New York",Industrial,N/A,,0.00,0.00%,REIT,Public,Industrial,Equity,GPT,"New York Stock Exchange, Inc. (NYSE)",$27.48,$0.00 - $0.00,0,0,$31.10 - $0.00,$0.00,$0.38,0.00,$438.04 mil
https://www.reit.com/investing/reit-directory/avalonbay-communities-inc,"AvalonBay Communities, Inc.",AVB,"Arlington, Virginia",Residential,N/A,up,15.00,0.08%,REIT,Public,Residential,Equity,AVB,"New York Stock Exchange, Inc. (NYSE)",$191.67,$191.91 - $187.71,"789,118","620,819",$194.28 - $153.90,$0.00,$1.47,3.07,"$1,309.73 mil"
https://www.reit.com/investing/reit-directory/essex-property-trust-inc,"Essex Property Trust, Inc.",ESS,"San Mateo, California",Residential,N/A,up,13.86,0.06%,REIT,Public,Residential,Equity,ESS,"New York Stock Exchange, Inc. (NYSE)",$265.68,$267.41 - $262.92,"329,366","443,884",$269.39 - $217.81,$0.00,$1.86,2.80,$952.72 mil
https://www.reit.com/investing/reit-directory/sba-communications-corporation,SBA Communications Corporation,SBAC,"Boca Raton, Florida",Infrastructure,$177.50,up,17.05,0.11%,REIT,Public,Infrastructure,Equity,SBAC,NASDAQ (NASDAQ),$171.51,$171.89 - $167.77,"599,429","910,323",$174.73 - $133.60,$20.11 bil,$0.00,0.00,$848.14 mil
https://www.reit.com/investing/reit-directory/dct-industrial-trust-inc,DCT Industrial Trust Inc.,DCT,"Denver, Colorado",Industrial,N/A,,0.00,0.00%,REIT,Public,Industrial,Equity,DCT,"New York Stock Exchange, Inc. (NYSE)",$0.00,$0.00 - $0.00,0,0,$69.01 - $0.00,$0.00,$0.36,0.00,$271.90 mil
https://www.reit.com/investing/reit-directory/american-tower-corporation,American Tower Corporation,AMT,"Boston, Massachusetts",Infrastructure,$166.90,up,15.66,0.10%,REIT,Public,Infrastructure,Equity,AMT,"New York Stock Exchange, Inc. (NYSE)",$167.63,$168.58 - $165.84,"3,357,428","2,495,520",$167.63 - $130.93,$73.52 bil,$0.79,1.89,"$3,277.80 mil"
https://www.reit.com/investing/reit-directory/simon-property-group-inc,"Simon Property Group, Inc.",SPG,"Indianapolis, Indiana",Retail,$190.36,up,16.58,0.10%,REIT,Public,Retail,Equity,SPG,"New York Stock Exchange, Inc. (NYSE)",$190.59,$190.13 - $187.37,"1,471,991","1,574,138",$190.59 - $146.74,$67.79 bil,$2.00,4.15,"$4,061.70 mil"
https://www.reit.com/investing/reit-directory/public-storage,Public Storage,PSA,"Glendale, California",Self-storage,$221.94,up,15.52,0.08%,REIT,Public,Self-storage,Equity,PSA,"New York Stock Exchange, Inc. (NYSE)",$216.23,$215.69 - $212.54,"1,486,728","1,052,856",$232.71 - $180.49,$38.70 bil,$2.00,3.70,"$1,975.68 mil"
https://www.reit.com/investing/reit-directory/spirit-realty-capital,Spirit Realty Capital,SRC,"Dallas, Texas",Retail,$8.25,,-0.04,-0.01%,REIT,Public,Retail,Equity,SRC,"New York Stock Exchange, Inc. (NYSE)",$7.88,$7.89 - $7.64,"11,292,047","5,489,607",$8.76 - $7.32,$3.53 bil,$0.13,6.35,$386.23 mil
https://www.reit.com/investing/reit-directory/federal-realty-investment-trust,Federal Realty Investment Trust,FRT,"Rockville, Maryland",Retail,N/A,up,14.55,0.12%,REIT,Public,Retail,Equity,FRT,"New York Stock Exchange, Inc. (NYSE)",$135.55,$135.66 - $133.46,"420,179","443,998",$135.55 - $108.11,$0.00,$1.02,3.01,$525.67 mil
https://www.reit.com/investing/reit-directory/coresite-realty-corporation,CoreSite Realty Corporation,COR,"Denver, Colorado",Data centers,$115.00,,-5.55,-0.05%,REIT,Public,Data centers,Equity,COR,"New York Stock Exchange, Inc. (NYSE)",$99.21,$99.59 - $96.26,"275,912","418,358",$119.54 - $90.43,$4.22 bil,$1.03,4.44,$241.10 mil
https://www.reit.com/investing/reit-directory/corepoint-lodging,CorePoint Lodging,CPLG,"Irving, Texas",Lodging / Resorts,$15.40,,-2.52,-0.16%,REIT,Public,Lodging/Resorts,Equity,CPLG,"New York Stock Exchange, Inc. (NYSE)",$13.34,$13.46 - $13.18,"359,718","404,189",$27.89 - $0.00,$918.64 mil,$0.20,6.00,$0.00 mil
https://www.reit.com/investing/reit-directory/senior-housing-properties-trust,Senior Housing Properties Trust,SNH,"Newton, Massachusetts",Health care,$14.55,,-3.29,-0.19%,REIT,Public,Health care,Equity,SNH,NASDAQ (NASDAQ),$13.72,$13.66 - $13.17,"2,815,904","1,964,250",$21.42 - $13.21,$3.46 bil,$0.39,11.37,$422.97 mil
https://www.reit.com/investing/reit-directory/alexanders-inc,"Alexander's, Inc.",ALX,"Paramus, New Jersey",Diversified,$312.87,,-19.67,-0.06%,REIT,Public,Diversified,Equity,ALX,"New York Stock Exchange, Inc. (NYSE)",$310.33,$313.21 - $310.46,"2,463","5,603",$434.99 - $304.13,$1.60 bil,$4.50,5.80,$123.88 mil
https://www.reit.com/investing/reit-directory/colony-credit-real-estate-inc,"Colony Credit Real Estate, Inc.",CLNC,"New York, New York",Mortgage,$22.10,,-3.89,-0.18%,REIT,Public,Mortgage,Mortgage,CLNC,"New York Stock Exchange, Inc. (NYSE)",$17.20,$17.44 - $16.82,"363,814","331,586",$23.00 - $0.00,$2.83 bil,$0.15,10.12,$170.52 mil
https://www.reit.com/investing/reit-directory/zayo-group-holdings-inc,"Zayo Group Holdings, Inc.",ZAYO,"Boulder, Colorado",Diversified,$26.36,,-4.45,-0.15%,REOC,Public,Diversified,Equity,ZAYO,"New York Stock Exchange, Inc. (NYSE)",$26.01,$26.17 - $24.85,"3,216,842","6,638,317",$39.35 - $22.20,$6.24 bil,$0.00,0.00,$848.60 mil
https://www.reit.com/investing/reit-directory/cyrusone-inc,CyrusOne Inc.,CONE,"Carrollton, Texas",Data centers,N/A,,-3.82,-0.06%,REIT,Public,Data centers,Equity,CONE,NASDAQ (NASDAQ),$58.30,$58.78 - $56.96,"768,978","979,779",$68.63 - $48.48,$0.00,$0.46,3.16,$305.50 mil
https://www.reit.com/investing/reit-directory/corporate-office-properties-trust,Corporate Office Properties Trust,OFC,"Columbia, Maryland",Office,N/A,,-3.96,-0.14%,REIT,Public,Office,Equity,OFC,"New York Stock Exchange, Inc. (NYSE)",$24.43,$24.66 - $24.27,"1,041,059","994,270",$35.45 - $24.16,$0.00,$0.28,4.50,$229.61 mil
